{
    "metrics": {
        "data_sent": {
            "count": 2257812,
            "rate": 112876.66537565937
        },
        "http_reqs": {
            "count": 9567,
            "rate": 478.2909549816075
        },
        "http_req_duration": {
            "med": 4.388,
            "max": 1340.725,
            "p(50)": 4.388,
            "p(90)": 276.7606000000001,
            "p(95)": 419.41119999999984,
            "p(99)": 913.1568599999999,
            "avg": 69.10711895055891,
            "min": 0.684
        },
        "checks": {
            "passes": 57402,
            "fails": 0,
            "value": 1
        },
        "data_received": {
            "count": 1875088,
            "rate": 93742.82744795154
        },
        "http_req_connecting": {
            "avg": 0.01057071182188774,
            "min": 0,
            "med": 0,
            "max": 2.312,
            "p(50)": 0,
            "p(90)": 0,
            "p(95)": 0,
            "p(99)": 0.47
        },
        "http_req_waiting": {
            "p(95)": 416.62819999999965,
            "p(99)": 903.5565399999999,
            "avg": 68.34332915229436,
            "min": 0.668,
            "med": 4.124,
            "max": 1340.332,
            "p(50)": 4.124,
            "p(90)": 274.0296
        },
        "http_req_duration{expected_response:true}": {
            "p(50)": 4.388,
            "p(90)": 276.7606000000001,
            "p(95)": 419.41119999999984,
            "p(99)": 913.1568599999999,
            "avg": 69.10711895055891,
            "min": 0.684,
            "med": 4.388,
            "max": 1340.725
        },
        "http_req_failed": {
            "passes": 0,
            "fails": 9567,
            "value": 0
        },
        "http_req_tls_handshaking": {
            "min": 0,
            "med": 0,
            "max": 0,
            "p(50)": 0,
            "p(90)": 0,
            "p(95)": 0,
            "p(99)": 0,
            "avg": 0
        },
        "iterations": {
            "count": 9567,
            "rate": 478.2909549816075
        },
        "dropped_iterations": {
            "count": 434,
            "rate": 21.697321465665063
        },
        "http_req_receiving": {
            "p(50)": 0.055,
            "p(90)": 0.7304000000000002,
            "p(95)": 1.6990999999999987,
            "p(99)": 15.677919999999997,
            "avg": 0.7327749555764692,
            "min": 0.008,
            "med": 0.055,
            "max": 191.713
        },
        "rate_limiter_blocked_rate": {
            "passes": 0,
            "fails": 9567,
            "value": 0
        },
        "http_req_sending": {
            "p(50)": 0.021,
            "p(90)": 0.045,
            "p(95)": 0.06869999999999958,
            "p(99)": 0.1743399999999999,
            "avg": 0.03101484268840723,
            "min": 0.003,
            "med": 0.021,
            "max": 5.383
        },
        "rate_limiter_allowed_rate": {
            "passes": 9567,
            "fails": 0,
            "value": 1
        },
        "vus_max": {
            "value": 200,
            "min": 200,
            "max": 200
        },
        "http_req_blocked": {
            "med": 0.006,
            "max": 5.636,
            "p(50)": 0.006,
            "p(90)": 0.011,
            "p(95)": 0.02,
            "p(99)": 0.554,
            "avg": 0.020440054353504756,
            "min": 0.001
        },
        "vus": {
            "min": 1,
            "max": 200,
            "value": 1
        },
        "iteration_duration": {
            "p(99)": 914.65360228,
            "avg": 69.4884410814255,
            "min": 0.792041,
            "med": 4.78725,
            "max": 1341.572625,
            "p(50)": 4.78725,
            "p(90)": 277.6107748000003,
            "p(95)": 419.75884999999994
        }
    },
    "root_group": {
        "groups": {},
        "checks": {
                "status is 200": {
                    "name": "status is 200",
                    "path": "::status is 200",
                    "id": "6210a8cd14cd70477eba5c5e4cb3fb5f",
                    "passes": 9567,
                    "fails": 0
                },
                "response contains allowed flag": {
                    "name": "response contains allowed flag",
                    "path": "::response contains allowed flag",
                    "id": "3ca46317f319a9646337bc4c97bd5978",
                    "passes": 9567,
                    "fails": 0
                },
                "response contains remaining count": {
                    "name": "response contains remaining count",
                    "path": "::response contains remaining count",
                    "id": "9bab8f2b1a69e9894b76f158af1a0392",
                    "passes": 9567,
                    "fails": 0
                },
                "response contains reset time": {
                    "name": "response contains reset time",
                    "path": "::response contains reset time",
                    "id": "457513799f1d56ea9ec3b67f379b1700",
                    "passes": 9567,
                    "fails": 0
                },
                "allowed responses omit retryAfter": {
                    "name": "allowed responses omit retryAfter",
                    "path": "::allowed responses omit retryAfter",
                    "id": "8091e690d292fe629ccfacc64d7522d2",
                    "passes": 9567,
                    "fails": 0
                },
                "blocked responses include retryAfter": {
                    "passes": 9567,
                    "fails": 0,
                    "name": "blocked responses include retryAfter",
                    "path": "::blocked responses include retryAfter",
                    "id": "9f6c4acb6fe33ddf2dbcee4fd3bea073"
                }
            },
        "name": "",
        "path": "",
        "id": "d41d8cd98f00b204e9800998ecf8427e"
    }
}