{
    "metrics": {
        "rate_limiter_allowed_rate": {
            "passes": 21582,
            "fails": 3000,
            "value": 0.877959482548206
        },
        "http_req_tls_handshaking": {
            "p(99)": 0,
            "avg": 0,
            "min": 0,
            "med": 0,
            "max": 0,
            "p(50)": 0,
            "p(90)": 0,
            "p(95)": 0
        },
        "data_sent": {
            "count": 5980286,
            "rate": 130301.82407510883
        },
        "iterations": {
            "count": 24586,
            "rate": 535.6935515643609
        },
        "http_reqs": {
            "count": 24586,
            "rate": 535.6935515643609
        },
        "http_req_duration": {
            "max": 5069.837,
            "p(50)": 1006.7045,
            "p(90)": 4999.6295,
            "p(95)": 5000.63975,
            "p(99)": 5004.142199999999,
            "avg": 1746.060343894907,
            "min": 8.197,
            "med": 1006.7045
        },
        "iteration_duration": {
            "med": 1007.129333,
            "max": 5110.26875,
            "p(50)": 1007.129333,
            "p(90)": 5000.888292000001,
            "p(95)": 5002.40198925,
            "p(99)": 5008.4576838,
            "avg": 1746.93996784601,
            "min": 8.30225
        },
        "dropped_iterations": {
            "count": 203165,
            "rate": 4426.672919693053
        },
        "http_req_blocked": {
            "p(50)": 0.003,
            "p(90)": 0.515,
            "p(95)": 0.936749999999999,
            "p(99)": 3.0737499999999986,
            "avg": 0.24027039778738643,
            "min": 0,
            "med": 0.003,
            "max": 86.289
        },
        "checks": {
            "passes": 129631,
            "fails": 17861,
            "value": 0.8789019065440837
        },
        "http_req_duration{expected_response:true}": {
            "p(95)": 3406.0342499999997,
            "p(99)": 4767.52531,
            "avg": 1295.541001807066,
            "min": 8.197,
            "med": 908.9875,
            "max": 5003.598,
            "p(50)": 908.9875,
            "p(90)": 2677.7266
        },
        "http_req_sending": {
            "min": 0.002,
            "med": 0.021,
            "max": 64.838,
            "p(50)": 0.021,
            "p(90)": 0.124,
            "p(95)": 0.238,
            "p(99)": 0.9949499999999971,
            "avg": 0.13634413894086267
        },
        "data_received": {
            "count": 4204969,
            "rate": 91620.22198926378
        },
        "vus": {
            "min": 794,
            "max": 1000,
            "value": 1000
        },
        "http_req_waiting": {
            "max": 5069.798,
            "p(50)": 1001.293,
            "p(90)": 4999.476,
            "p(95)": 5000.56575,
            "p(99)": 5003.9483,
            "avg": 1740.3269747417187,
            "min": 7.539,
            "med": 1001.293
        },
        "rate_limiter_blocked_rate": {
            "fails": 24582,
            "passes": 0,
            "value": 0
        },
        "http_req_receiving": {
            "p(50)": 0.078,
            "p(90)": 2.295500000000002,
            "p(95)": 14.37374999999999,
            "p(99)": 151.58284999999995,
            "avg": 5.597025014235744,
            "min": 0,
            "med": 0.078,
            "max": 1005.274
        },
        "vus_max": {
            "value": 1000,
            "min": 795,
            "max": 1000
        },
        "http_req_connecting": {
            "max": 71.616,
            "p(50)": 0,
            "p(90)": 0.41450000000000053,
            "p(95)": 0.7317499999999989,
            "p(99)": 2.4434499999999995,
            "avg": 0.17715887090213964,
            "min": 0,
            "med": 0
        },
        "http_req_failed": {
            "passes": 3004,
            "fails": 21582,
            "value": 0.12218335638168062
        }
    },
    "root_group": {
        "checks": {
            "status is 200": {
                "name": "status is 200",
                "path": "::status is 200",
                "id": "6210a8cd14cd70477eba5c5e4cb3fb5f",
                "passes": 21582,
                "fails": 3000
            },
            "response contains allowed flag": {
                "id": "3ca46317f319a9646337bc4c97bd5978",
                "passes": 21600,
                "fails": 2982,
                "name": "response contains allowed flag",
                "path": "::response contains allowed flag"
            },
            "response contains remaining count": {
                "fails": 2982,
                "name": "response contains remaining count",
                "path": "::response contains remaining count",
                "id": "9bab8f2b1a69e9894b76f158af1a0392",
                "passes": 21600
            },
            "response contains reset time": {
                "id": "457513799f1d56ea9ec3b67f379b1700",
                "passes": 21600,
                "fails": 2982,
                "name": "response contains reset time",
                "path": "::response contains reset time"
            },
            "allowed responses omit retryAfter": {
                "path": "::allowed responses omit retryAfter",
                "id": "8091e690d292fe629ccfacc64d7522d2",
                "passes": 21649,
                "fails": 2933,
                "name": "allowed responses omit retryAfter"
            },
            "blocked responses include retryAfter": {
                "name": "blocked responses include retryAfter",
                "path": "::blocked responses include retryAfter",
                "id": "9f6c4acb6fe33ddf2dbcee4fd3bea073",
                "passes": 21600,
                "fails": 2982
            }
        },
        "name": "",
        "path": "",
        "id": "d41d8cd98f00b204e9800998ecf8427e",
        "groups": {}
    }
}